{
  "Profiles": [{
    "Transparency" : 0,
    "Tags" : [],
    "Ansi 12 Color" : {
      "Red Component" : 0.33133843541145325,
      "Color Space" : "Calibrated",
      "Blue Component" : 0.75472033023834229,
      "Alpha Component" : 1,
      "Green Component" : 0.52402210235595703
    },
    "Guid" : "50630D9E-50B6-42B4-9161-3C2343782D83",
    "Normal Font" : "FiraMono-Medium 14",
    "Bold Color" : {
      "Red Component" : 0.5296475887298584,
      "Color Space" : "Calibrated",
      "Blue Component" : 0.52964073419570923,
      "Alpha Component" : 1,
      "Green Component" : 0.52963173389434814
    },
    "Ansi 2 Color" : {
      "Red Component" : 0.53680551052093506,
      "Color Space" : "Calibrated",
      "Blue Component" : 0.53005099296569824,
      "Alpha Component" : 1,
      "Green Component" : 0.76626467704772949
    },
    "Ansi 3 Color" : {
      "Red Component" : 0.99501991271972656,
      "Color Space" : "Calibrated",
      "Blue Component" : 0.32882121205329895,
      "Alpha Component" : 1,
      "Green Component" : 0.76124393939971924
    },
    "Link Color" : {
      "Red Component" : 0.12092018127441406,
      "Color Space" : "Calibrated",
      "Blue Component" : 0.68605637550354004,
      "Alpha Component" : 1,
      "Green Component" : 0.35658615827560425
    },
    "Rows" : 25,
    "Default Bookmark" : "No",
    "Cursor Guide Color" : {
      "Red Component" : 0.64999997615814209,
      "Color Space" : "Calibrated",
      "Blue Component" : 1,
      "Alpha Component" : 0.25,
      "Green Component" : 0.9100000262260437
    },
    "Non-ASCII Anti Aliased" : true,
    "Use Bright Bold" : true,
    "Ansi 10 Color" : {
      "Red Component" : 0.53680551052093506,
      "Color Space" : "Calibrated",
      "Blue Component" : 0.53005099296569824,
      "Alpha Component" : 1,
      "Green Component" : 0.76626467704772949
    },
    "Ambiguous Double Width" : false,
    "Jobs to Ignore" : [
      "rlogin",
      "ssh",
      "slogin",
      "telnet"
    ],
    "Ansi 15 Color" : {
      "Red Component" : 0.75559091567993164,
      "Color Space" : "Calibrated",
      "Blue Component" : 0.75558114051818848,
      "Alpha Component" : 1,
      "Green Component" : 0.75556838512420654
    },
    "Foreground Color" : {
      "Red Component" : 0.75559091567993164,
      "Color Space" : "Calibrated",
      "Blue Component" : 0.75558114051818848,
      "Alpha Component" : 1,
      "Green Component" : 0.75556838512420654
    },
    "Working Directory" : "\/Users\/prgaff",
    "Blinking Cursor" : false,
    "Disable Window Resizing" : true,
    "Sync Title" : false,
    "Prompt Before Closing 2" : false,
    "BM Growl" : true,
    "Command" : "",
    "Description" : "Default",
    "Mouse Reporting" : true,
    "Screen" : -2,
    "Selection Color" : {
      "Red Component" : 0.24968674778938293,
      "Color Space" : "Calibrated",
      "Blue Component" : 0.24968348443508148,
      "Alpha Component" : 1,
      "Green Component" : 0.24967923760414124
    },
    "Columns" : 80,
    "Idle Code" : 0,
    "Ansi 13 Color" : {
      "Red Component" : 0.75015920400619507,
      "Color Space" : "Calibrated",
      "Blue Component" : 0.75527215003967285,
      "Alpha Component" : 1,
      "Green Component" : 0.51518064737319946
    },
    "Custom Command" : "No",
    "ASCII Anti Aliased" : true,
    "Non Ascii Font" : "Monaco 12",
    "Vertical Spacing" : 1,
    "Use Bold Font" : true,
    "Option Key Sends" : 0,
    "Selected Text Color" : {
      "Red Component" : 0,
      "Color Space" : "Calibrated",
      "Blue Component" : 0,
      "Alpha Component" : 1,
      "Green Component" : 0
    },
    "Background Color" : {
      "Red Component" : 0.13233038783073425,
      "Color Space" : "Calibrated",
      "Blue Component" : 0.13232870399951935,
      "Alpha Component" : 1,
      "Green Component" : 0.13232642412185669
    },
    "Character Encoding" : 4,
    "Ansi 11 Color" : {
      "Red Component" : 0.99501991271972656,
      "Color Space" : "Calibrated",
      "Blue Component" : 0.32882121205329895,
      "Alpha Component" : 1,
      "Green Component" : 0.76124393939971924
    },
    "Thin Strokes" : 4,
    "Use Italic Font" : true,
    "Unlimited Scrollback" : false,
    "Keyboard Map" : {
      "0xf700-0x260000" : {
        "Text" : "[1;6A",
        "Action" : 10
      },
      "0x37-0x40000" : {
        "Text" : "0x1f",
        "Action" : 11
      },
      "0x32-0x40000" : {
        "Text" : "0x00",
        "Action" : 11
      },
      "0xf709-0x20000" : {
        "Text" : "[17;2~",
        "Action" : 10
      },
      "0xf70c-0x20000" : {
        "Text" : "[20;2~",
        "Action" : 10
      },
      "0xf729-0x20000" : {
        "Text" : "[1;2H",
        "Action" : 10
      },
      "0xf72b-0x40000" : {
        "Text" : "[1;5F",
        "Action" : 10
      },
      "0xf705-0x20000" : {
        "Text" : "[1;2Q",
        "Action" : 10
      },
      "0xf703-0x260000" : {
        "Text" : "[1;6C",
        "Action" : 10
      },
      "0xf700-0x220000" : {
        "Text" : "[1;2A",
        "Action" : 10
      },
      "0xf701-0x280000" : {
        "Text" : "0x1b 0x1b 0x5b 0x42",
        "Action" : 11
      },
      "0x38-0x40000" : {
        "Text" : "0x7f",
        "Action" : 11
      },
      "0x33-0x40000" : {
        "Text" : "0x1b",
        "Action" : 11
      },
      "0xf703-0x220000" : {
        "Text" : "[1;2C",
        "Action" : 10
      },
      "0xf701-0x240000" : {
        "Text" : "[1;5B",
        "Action" : 10
      },
      "0xf70d-0x20000" : {
        "Text" : "[21;2~",
        "Action" : 10
      },
      "0xf702-0x260000" : {
        "Text" : "[1;6D",
        "Action" : 10
      },
      "0xf729-0x40000" : {
        "Text" : "[1;5H",
        "Action" : 10
      },
      "0xf706-0x20000" : {
        "Text" : "[1;2R",
        "Action" : 10
      },
      "0x34-0x40000" : {
        "Text" : "0x1c",
        "Action" : 11
      },
      "0xf700-0x280000" : {
        "Text" : "0x1b 0x1b 0x5b 0x41",
        "Action" : 11
      },
      "0x2d-0x40000" : {
        "Text" : "0x1f",
        "Action" : 11
      },
      "0xf70e-0x20000" : {
        "Text" : "[23;2~",
        "Action" : 10
      },
      "0xf702-0x220000" : {
        "Text" : "[1;2D",
        "Action" : 10
      },
      "0xf703-0x280000" : {
        "Action" : 10,
        "Text" : "f"
      },
      "0xf700-0x240000" : {
        "Text" : "[1;5A",
        "Action" : 10
      },
      "0xf707-0x20000" : {
        "Text" : "[1;2S",
        "Action" : 10
      },
      "0xf70a-0x20000" : {
        "Text" : "[18;2~",
        "Action" : 10
      },
      "0x35-0x40000" : {
        "Text" : "0x1d",
        "Action" : 11
      },
      "0xf70f-0x20000" : {
        "Text" : "[24;2~",
        "Action" : 10
      },
      "0xf703-0x240000" : {
        "Text" : "[1;5C",
        "Action" : 10
      },
      "0xf701-0x260000" : {
        "Text" : "[1;6B",
        "Action" : 10
      },
      "0xf702-0x280000" : {
        "Action" : 10,
        "Text" : "b"
      },
      "0xf72b-0x20000" : {
        "Text" : "[1;2F",
        "Action" : 10
      },
      "0x36-0x40000" : {
        "Text" : "0x1e",
        "Action" : 11
      },
      "0xf708-0x20000" : {
        "Text" : "[15;2~",
        "Action" : 10
      },
      "0xf701-0x220000" : {
        "Text" : "[1;2B",
        "Action" : 10
      },
      "0xf70b-0x20000" : {
        "Text" : "[19;2~",
        "Action" : 10
      },
      "0xf702-0x240000" : {
        "Text" : "[1;5D",
        "Action" : 10
      },
      "0xf704-0x20000" : {
        "Text" : "[1;2P",
        "Action" : 10
      }
    },
    "Window Type" : 0,
    "Cursor Type" : 1,
    "Background Image Location" : "",
    "Blur" : false,
    "Badge Color" : {
      "Red Component" : 1,
      "Color Space" : "Calibrated",
      "Blue Component" : 0,
      "Alpha Component" : 0.5,
      "Green Component" : 0
    },
    "Scrollback Lines" : 5000,